[
		{
			"code": "AD",
			"operators": [
				{
					"code": "21303",
					"name": "Mobiland"
				}
			]
		},
		{
			"code": "AE",
			"operators": [
				{
					"code": "42402",
					"name": "Etisalat"
				},
				{
					"code": "42403",
					"name": "du"
				}
			]
		},
		{
			"code": "AF",
			"operators": [
				{
					"code": "41201",
					"name": "AWCC"
				},
				{
					"code": "41250",
					"name": "Etisalat"
				},
				{
					"code": "41240",
					"name": "MTN"
				},
				{
					"code": "41220",
					"name": "Roshan"
				},
				{
					"code": "41280",
					"name": "Salaam"
				},
				{
					"code": "41255",
					"name": "WASEL"
				}
			]
		},
		{
			"code": "AI",
			"operators": [
				{
					"code": "365840",
					"name": "FLOW"
				}
			]
		},
		{
			"code": "AL",
			"operators": [
				{
					"code": "27603",
					"name": "Eagle Mobile"
				},
				{
					"code": "27604",
					"name": "Plus Communication"
				},
				{
					"code": "27601",
					"name": "Telekom.al"
				},
				{
					"code": "27602",
					"name": "Vodafone"
				}
			]
		},
		{
			"code": "AM",
			"operators": [
				{
					"code": "28301",
					"name": "Beeline"
				},
				{
					"code": "28304",
					"name": "Karabakh Telecom"
				},
				{
					"code": "28310",
					"name": "Ucom"
				},
				{
					"code": "28305",
					"name": "VivaCell-MTS"
				}
			]
		},
		{
			"code": "AO",
			"operators": [
				{
					"code": "63104",
					"name": "MOVICEL"
				},
				{
					"code": "63102",
					"name": "UNITEL"
				}
			]
		},
		{
			"code": "AR",
			"operators": [
				{
					"code": "722310",
					"name": "Claro"
				},
				{
					"code": "722040",
					"name": "Globalstar"
				},
				{
					"code": "722010",
					"name": "Movistar"
				},
				{
					"code": "722020",
					"name": "Nextel"
				},
				{
					"code": "722350",
					"name": "PORT-HABLE"
				},
				{
					"code": "722034",
					"name": "Personal"
				}
			]
		},
		{
			"code": "AS",
			"operators": [
				{
					"code": "311780",
					"name": "ASTCA"
				},
				{
					"code": "54411",
					"name": "Bluesky"
				}
			]
		},
		{
			"code": "AT",
			"operators": [
				{
					"code": "23205",
					"name": "3"
				},
				{
					"code": "23201",
					"name": "A1.net"
				},
				{
					"code": "23292",
					"name": "ArgoNET"
				},
				{
					"code": "23291",
					"name": "GSM-R A"
				},
				{
					"code": "23208",
					"name": "Lycamobile"
				},
				{
					"code": "23203",
					"name": "Magenta"
				},
				{
					"code": "23206",
					"name": "Orange AT"
				},
				{
					"code": "23209",
					"name": "Tele2Mobil"
				},
				{
					"code": "23215",
					"name": "Vectone Mobile"
				},
				{
					"code": "23211",
					"name": "bob"
				},
				{
					"code": "23220",
					"name": "m:tel"
				},
				{
					"code": "23207",
					"name": "tele.ring"
				},
				{
					"code": "23212",
					"name": "yesss!"
				}
			]
		},
		{
			"code": "AU",
			"operators": [
				{
					"code": "50506",
					"name": "3"
				},
				{
					"code": "50515",
					"name": "3GIS"
				},
				{
					"code": "50514",
					"name": "AAPT"
				},
				{
					"code": "50509",
					"name": "Airnet"
				},
				{
					"code": "50561",
					"name": "CommTel NS"
				},
				{
					"code": "50542",
					"name": "GEMCO"
				},
				{
					"code": "50519",
					"name": "Lycamobile"
				},
				{
					"code": "50562",
					"name": "NBN"
				},
				{
					"code": "50510",
					"name": "Norfolk Is."
				},
				{
					"code": "50508",
					"name": "One.Tel"
				},
				{
					"code": "50502",
					"name": "Optus"
				},
				{
					"code": "50505",
					"name": "Ozitel"
				},
				{
					"code": "50518",
					"name": "Pactel"
				},
				{
					"code": "50513",
					"name": "RailCorp"
				},
				{
					"code": "50501",
					"name": "Telstra"
				},
				{
					"code": "50538",
					"name": "Truphone"
				},
				{
					"code": "50516",
					"name": "VicTrack"
				},
				{
					"code": "50503",
					"name": "Vodafone"
				}
			]
		},
		{
			"code": "AW",
			"operators": [
				{
					"code": "36302",
					"name": "Digicel"
				},
				{
					"code": "36301",
					"name": "SETAR"
				}
			]
		},
		{
			"code": "AZ",
			"operators": [
				{
					"code": "40001",
					"name": "Azercell"
				},
				{
					"code": "40002",
					"name": "Bakcell"
				},
				{
					"code": "40003",
					"name": "FONEX"
				},
				{
					"code": "40004",
					"name": "Nar Mobile"
				},
				{
					"code": "40006",
					"name": "Naxtel"
				}
			]
		},
		{
			"code": "BA",
			"operators": [
				{
					"code": "21890",
					"name": "BH Mobile"
				},
				{
					"code": "21803",
					"name": "HT-ERONET"
				},
				{
					"code": "21805",
					"name": "m:tel BiH"
				}
			]
		},
		{
			"code": "BB",
			"operators": [
				{
					"code": "342750",
					"name": "Digicel"
				},
				{
					"code": "342600",
					"name": "FLOW"
				},
				{
					"code": "342800",
					"name": "Ozone"
				}
			]
		},
		{
			"code": "BD",
			"operators": [
				{
					"code": "47007",
					"name": "Airtel"
				},
				{
					"code": "47003",
					"name": "Banglalink"
				},
				{
					"code": "47010",
					"name": "Banglalion"
				},
				{
					"code": "47005",
					"name": "Citycell"
				},
				{
					"code": "47001",
					"name": "Grameenphone"
				},
				{
					"code": "47002",
					"name": "Robi"
				},
				{
					"code": "47004",
					"name": "TeleTalk"
				},
				{
					"code": "47009",
					"name": "ollo"
				}
			]
		},
		{
			"code": "BE",
			"operators": [
				{
					"code": "20620",
					"name": "Base"
				},
				{
					"code": "20640",
					"name": "JOIN"
				},
				{
					"code": "20606",
					"name": "Lycamobile"
				},
				{
					"code": "20630",
					"name": "Mobile Vikings"
				},
				{
					"code": "20610",
					"name": "Orange Belgium"
				},
				{
					"code": "20601",
					"name": "Proximus"
				},
				{
					"code": "20605",
					"name": "Telenet"
				},
				{
					"code": "20607",
					"name": "Vectone Mobile"
				},
				{
					"code": "20609",
					"name": "Voxbone"
				}
			]
		},
		{
			"code": "BF",
			"operators": [
				{
					"code": "61302",
					"name": "Orange"
				},
				{
					"code": "61303",
					"name": "Telecel Faso"
				},
				{
					"code": "61301",
					"name": "Telmob"
				}
			]
		},
		{
			"code": "BG",
			"operators": [
				{
					"code": "28401",
					"name": "A1"
				},
				{
					"code": "28405",
					"name": "Telenor"
				},
				{
					"code": "28403",
					"name": "Vivacom"
				},
				{
					"code": "28406",
					"name": "Vivatel"
				},
				{
					"code": "28407",
					"name": "НКЖИ"
				},
				{
					"code": "28413",
					"name": "Ти.ком"
				}
			]
		},
		{
			"code": "BH",
			"operators": [
				{
					"code": "42601",
					"name": "Batelco"
				},
				{
					"code": "42604",
					"name": "VIVA Bahrain"
				},
				{
					"code": "42602",
					"name": "zain BH"
				}
			]
		},
		{
			"code": "BI",
			"operators": [
				{
					"code": "64208",
					"name": "Lumitel"
				},
				{
					"code": "64203",
					"name": "Onatel"
				},
				{
					"code": "64207",
					"name": "Smart Mobile"
				},
				{
					"code": "64202",
					"name": "Tempo"
				},
				{
					"code": "64201",
					"name": "econet Leo"
				}
			]
		},
		{
			"code": "BJ",
			"operators": [
				{
					"code": "61604",
					"name": "BBCOM"
				},
				{
					"code": "61605",
					"name": "Glo"
				},
				{
					"code": "61601",
					"name": "Libercom"
				},
				{
					"code": "61603",
					"name": "MTN"
				},
				{
					"code": "61602",
					"name": "Moov"
				}
			]
		},
		{
			"code": "BM",
			"operators": [
				{
					"code": "350000",
					"name": "CellOne"
				},
				{
					"code": "31059",
					"name": "Cellular One"
				},
				{
					"code": "338050",
					"name": "Digicel Bermuda"
				},
				{
					"code": "35002",
					"name": "Mobility"
				}
			]
		},
		{
			"code": "BN",
			"operators": [
				{
					"code": "52802",
					"name": "PCSB"
				},
				{
					"code": "52801",
					"name": "TelBru"
				},
				{
					"code": "52811",
					"name": "UNN"
				}
			]
		},
		{
			"code": "BO",
			"operators": [
				{
					"code": "73602",
					"name": "Entel"
				},
				{
					"code": "73603",
					"name": "Tigo"
				},
				{
					"code": "73601",
					"name": "Viva"
				}
			]
		},
		{
			"code": "BR",
			"operators": [
				{
					"code": "72432",
					"name": "Algar Telecom"
				},
				{
					"code": "72416",
					"name": "Brasil Telecom GSM"
				},
				{
					"code": "72405",
					"name": "Claro"
				},
				{
					"code": "72454",
					"name": "Conecta"
				},
				{
					"code": "72417",
					"name": "Correios"
				},
				{
					"code": "72499",
					"name": "Local"
				},
				{
					"code": "72400",
					"name": "Nextel"
				},
				{
					"code": "72428",
					"name": "No name"
				},
				{
					"code": "72430",
					"name": "Oi"
				},
				{
					"code": "72415",
					"name": "Sercomtel"
				},
				{
					"code": "72402",
					"name": "TIM"
				},
				{
					"code": "72406",
					"name": "Vivo"
				},
				{
					"code": "72437",
					"name": "aeiou"
				},
				{
					"code": "72418",
					"name": "datora"
				}
			]
		},
		{
			"code": "BS",
			"operators": [
				{
					"code": "36449",
					"name": "Aliv"
				},
				{
					"code": "36439",
					"name": "BTC"
				}
			]
		},
		{
			"code": "BT",
			"operators": [
				{
					"code": "40211",
					"name": "B-Mobile"
				},
				{
					"code": "40277",
					"name": "TashiCell"
				}
			]
		},
		{
			"code": "BW",
			"operators": [
				{
					"code": "65201",
					"name": "Mascom"
				},
				{
					"code": "65202",
					"name": "Orange"
				},
				{
					"code": "65204",
					"name": "beMobile"
				}
			]
		},
		{
			"code": "BY",
			"operators": [
				{
					"code": "25701",
					"name": "A1"
				},
				{
					"code": "25703",
					"name": "DIALLOG"
				},
				{
					"code": "25702",
					"name": "MTS"
				},
				{
					"code": "25706",
					"name": "beCloud"
				},
				{
					"code": "25705",
					"name": "byfly"
				},
				{
					"code": "25704",
					"name": "life:)"
				}
			]
		},
		{
			"code": "BZ",
			"operators": [
				{
					"code": "70267",
					"name": "DigiCell"
				},
				{
					"code": "70268",
					"name": "INTELCO"
				},
				{
					"code": "70269",
					"name": "SMART"
				}
			]
		},
		{
			"code": "CA",
			"operators": [
				{
					"code": "302420",
					"name": "ABC"
				},
				{
					"code": "302250",
					"name": "ALO"
				},
				{
					"code": "302290",
					"name": "Airtel Wireless"
				},
				{
					"code": "302630",
					"name": "Aliant Mobility"
				},
				{
					"code": "302640",
					"name": "Bell"
				},
				{
					"code": "302880",
					"name": "Bell / Telus / SaskTel"
				},
				{
					"code": "302610",
					"name": "Bell Mobility, Virgin Mobile Canada"
				},
				{
					"code": "302670",
					"name": "CityTel Mobility"
				},
				{
					"code": "302390",
					"name": "DMTS"
				},
				{
					"code": "302300",
					"name": "ECOTEL"
				},
				{
					"code": "302270",
					"name": "EastLink"
				},
				{
					"code": "302340",
					"name": "Execulink"
				},
				{
					"code": "302350",
					"name": "FIRST"
				},
				{
					"code": "302370",
					"name": "Fido"
				},
				{
					"code": "302490",
					"name": "Freedom Mobile"
				},
				{
					"code": "302710",
					"name": "Globalstar"
				},
				{
					"code": "302620",
					"name": "ICE Wireless"
				},
				{
					"code": "302380",
					"name": "Keewaytinook Mobile"
				},
				{
					"code": "302570",
					"name": "LightSquared"
				},
				{
					"code": "302560",
					"name": "Lynx Mobility"
				},
				{
					"code": "302655",
					"name": "MTS"
				},
				{
					"code": "302360",
					"name": "MiKe"
				},
				{
					"code": "302760",
					"name": "Public Mobile"
				},
				{
					"code": "302480",
					"name": "Qiniq"
				},
				{
					"code": "302590",
					"name": "Quadro Mobility"
				},
				{
					"code": "302320",
					"name": "Rogers Wireless"
				},
				{
					"code": "302680",
					"name": "SaskTel"
				},
				{
					"code": "302740",
					"name": "Shaw Telecom"
				},
				{
					"code": "302656",
					"name": "TBay"
				},
				{
					"code": "302650",
					"name": "TBaytel"
				},
				{
					"code": "302770",
					"name": "TNW Wireless"
				},
				{
					"code": "302221",
					"name": "Telus"
				},
				{
					"code": "302220",
					"name": "Telus Mobility, Koodo Mobile, Public Mobile"
				},
				{
					"code": "302730",
					"name": "TerreStar Solutions"
				},
				{
					"code": "30250",
					"name": "Videotron"
				},
				{
					"code": "302940",
					"name": "Wightman Mobility"
				},
				{
					"code": "302130",
					"name": "Xplornet"
				},
				{
					"code": "302100",
					"name": "dotmobile"
				}
			]
		},
		{
			"code": "CD",
			"operators": [
				{
					"code": "63090",
					"name": "Africell"
				},
				{
					"code": "63002",
					"name": "Airtel"
				},
				{
					"code": "63086",
					"name": "Orange RDC"
				},
				{
					"code": "63005",
					"name": "Supercell"
				},
				{
					"code": "63001",
					"name": "Vodacom"
				},
				{
					"code": "63088",
					"name": "YTT"
				}
			]
		},
		{
			"code": "CF",
			"operators": [
				{
					"code": "62304",
					"name": "Azur"
				},
				{
					"code": "62301",
					"name": "Moov"
				},
				{
					"code": "62303",
					"name": "Orange"
				},
				{
					"code": "62302",
					"name": "TC"
				}
			]
		},
		{
			"code": "CG",
			"operators": [
				{
					"code": "62901",
					"name": "Airtel"
				},
				{
					"code": "62910",
					"name": "Libertis Telecom"
				}
			]
		},
		{
			"code": "CH",
			"operators": [
				{
					"code": "22852",
					"name": "Barablu"
				},
				{
					"code": "22863",
					"name": "FTS"
				},
				{
					"code": "22807",
					"name": "IN&Phone"
				},
				{
					"code": "22854",
					"name": "Lycamobile"
				},
				{
					"code": "22806",
					"name": "SBB-CFF-FFS"
				},
				{
					"code": "22803",
					"name": "Salt"
				},
				{
					"code": "22802",
					"name": "Sunrise"
				},
				{
					"code": "22801",
					"name": "Swisscom"
				},
				{
					"code": "22808",
					"name": "Tele4u"
				},
				{
					"code": "22859",
					"name": "Vectone"
				},
				{
					"code": "22858",
					"name": "beeone"
				},
				{
					"code": "22853",
					"name": "upc cablecom"
				}
			]
		},
		{
			"code": "CI",
			"operators": [
				{
					"code": "61206",
					"name": "GreenN"
				},
				{
					"code": "61204",
					"name": "KoZ"
				},
				{
					"code": "61205",
					"name": "MTN"
				},
				{
					"code": "61202",
					"name": "Moov"
				},
				{
					"code": "61203",
					"name": "Orange"
				},
				{
					"code": "61207",
					"name": "café"
				}
			]
		},
		{
			"code": "CK",
			"operators": [
				{
					"code": "54801",
					"name": "Bluesky"
				}
			]
		},
		{
			"code": "CL",
			"operators": [
				{
					"code": "73003",
					"name": "CLARO CL"
				},
				{
					"code": "73012",
					"name": "Colo-Colo MóvilWanderers Móvil"
				},
				{
					"code": "73006",
					"name": "Telsur"
				},
				{
					"code": "73008",
					"name": "VTR Móvil"
				},
				{
					"code": "73013",
					"name": "Virgin Mobile"
				},
				{
					"code": "73004",
					"name": "WOM"
				},
				{
					"code": "73099",
					"name": "Will"
				},
				{
					"code": "73001",
					"name": "entel"
				},
				{
					"code": "73002",
					"name": "movistar"
				},
				{
					"code": "73019",
					"name": "móvil Falabella"
				}
			]
		},
		{
			"code": "CM",
			"operators": [
				{
					"code": "62403",
					"name": "Camtel"
				},
				{
					"code": "62401",
					"name": "MTN Cameroon"
				},
				{
					"code": "62404",
					"name": "Nexttel"
				},
				{
					"code": "62402",
					"name": "Orange"
				}
			]
		},
		{
			"code": "CN",
			"operators": [
				{
					"code": "46000",
					"name": "China Mobile"
				},
				{
					"code": "46003",
					"name": "China Telecom"
				},
				{
					"code": "46020",
					"name": "China Tietong"
				},
				{
					"code": "46001",
					"name": "China Unicom"
				}
			]
		},
		{
			"code": "CO",
			"operators": [
				{
					"code": "732130",
					"name": "AVANTEL"
				},
				{
					"code": "732101",
					"name": "Claro"
				},
				{
					"code": "732099",
					"name": "EMCALI"
				},
				{
					"code": "732002",
					"name": "Edatel"
				},
				{
					"code": "732020",
					"name": "Tigo"
				},
				{
					"code": "732154",
					"name": "Virgin Mobile"
				},
				{
					"code": "732187",
					"name": "eTb"
				},
				{
					"code": "732001",
					"name": "movistar"
				}
			]
		},
		{
			"code": "CR",
			"operators": [
				{
					"code": "71203",
					"name": "Claro"
				},
				{
					"code": "71201",
					"name": "Kolbi ICE"
				},
				{
					"code": "71220",
					"name": "fullmóvil"
				},
				{
					"code": "71204",
					"name": "movistar"
				}
			]
		},
		{
			"code": "CU",
			"operators": [
				{
					"code": "36801",
					"name": "CUBACEL"
				}
			]
		},
		{
			"code": "CV",
			"operators": [
				{
					"code": "62501",
					"name": "CVMOVEL"
				},
				{
					"code": "62502",
					"name": "T+"
				}
			]
		},
		{
			"code": "CY",
			"operators": [
				{
					"code": "28001",
					"name": "Cytamobile-Vodafone"
				},
				{
					"code": "28010",
					"name": "Epic"
				},
				{
					"code": "28020",
					"name": "PrimeTel"
				},
				{
					"code": "28023",
					"name": "Vectone Mobile"
				},
				{
					"code": "28022",
					"name": "lemontel"
				}
			]
		},
		{
			"code": "CZ",
			"operators": [
				{
					"code": "23002",
					"name": "O2"
				},
				{
					"code": "23001",
					"name": "T-Mobile"
				},
				{
					"code": "23009",
					"name": "Vectone Mobile"
				},
				{
					"code": "23003",
					"name": "Vodafone"
				}
			]
		},
		{
			"code": "DE",
			"operators": [
				{
					"code": "26215",
					"name": "Airdata"
				},
				{
					"code": "26242",
					"name": "CCC Event"
				},
				{
					"code": "26243",
					"name": "Lycamobile"
				},
				{
					"code": "26203",
					"name": "O2"
				},
				{
					"code": "26212",
					"name": "Simquadrat"
				},
				{
					"code": "26201",
					"name": "Telekom"
				},
				{
					"code": "26202",
					"name": "Vodafone"
				},
				{
					"code": "26220",
					"name": "Voiceworks"
				},
				{
					"code": "26233",
					"name": "simquadrat"
				}
			]
		},
		{
			"code": "DJ",
			"operators": [
				{
					"code": "63801",
					"name": "Evatis"
				}
			]
		},
		{
			"code": "DK",
			"operators": [
				{
					"code": "23806",
					"name": "3"
				},
				{
					"code": "23823",
					"name": "GSM-R DK"
				},
				{
					"code": "23812",
					"name": "Lycamobile"
				},
				{
					"code": "23815",
					"name": "Net 1"
				},
				{
					"code": "23809",
					"name": "SINE"
				},
				{
					"code": "23801",
					"name": "TDC"
				},
				{
					"code": "23802",
					"name": "Telenor"
				},
				{
					"code": "23820",
					"name": "Telia"
				},
				{
					"code": "23805",
					"name": "TetraNet"
				},
				{
					"code": "23807",
					"name": "Vectone Mobile"
				},
				{
					"code": "23825",
					"name": "Viahub"
				},
				{
					"code": "23808",
					"name": "Voxbone"
				}
			]
		},
		{
			"code": "DM",
			"operators": [
				{
					"code": "366020",
					"name": "Digicel"
				},
				{
					"code": "366110",
					"name": "FLOW"
				}
			]
		},
		{
			"code": "DO",
			"operators": [
				{
					"code": "37001",
					"name": "Altice"
				},
				{
					"code": "37002",
					"name": "Claro"
				},
				{
					"code": "37004",
					"name": "Viva"
				},
				{
					"code": "37005",
					"name": "Wind"
				}
			]
		},
		{
			"code": "DZ",
			"operators": [
				{
					"code": "60321",
					"name": "ANESRIF"
				},
				{
					"code": "60307",
					"name": "AT"
				},
				{
					"code": "60302",
					"name": "Djezzy"
				},
				{
					"code": "60301",
					"name": "Mobilis"
				},
				{
					"code": "60303",
					"name": "Ooredoo"
				}
			]
		},
		{
			"code": "EC",
			"operators": [
				{
					"code": "74002",
					"name": "CNT Mobile"
				},
				{
					"code": "74001",
					"name": "Claro"
				},
				{
					"code": "74000",
					"name": "Movistar"
				},
				{
					"code": "74003",
					"name": "Tuenti"
				}
			]
		},
		{
			"code": "EE",
			"operators": [
				{
					"code": "24802",
					"name": "Elisa"
				},
				{
					"code": "24807",
					"name": "Kou"
				},
				{
					"code": "24803",
					"name": "Tele2"
				},
				{
					"code": "24801",
					"name": "Telia"
				},
				{
					"code": "24804",
					"name": "Top Connect"
				},
				{
					"code": "24808",
					"name": "VIVEX"
				},
				{
					"code": "24816",
					"name": "dzinga"
				}
			]
		},
		{
			"code": "EG",
			"operators": [
				{
					"code": "60203",
					"name": "Etisalat"
				},
				{
					"code": "60201",
					"name": "Orange"
				},
				{
					"code": "60202",
					"name": "Vodafone"
				},
				{
					"code": "60204",
					"name": "WE"
				}
			]
		},
		{
			"code": "ER",
			"operators": [
				{
					"code": "65701",
					"name": "Eritel"
				}
			]
		},
		{
			"code": "ES",
			"operators": [
				{
					"code": "21451",
					"name": "ADIF"
				},
				{
					"code": "21402",
					"name": "Altecom/Fibracat"
				},
				{
					"code": "21415",
					"name": "BT"
				},
				{
					"code": "21422",
					"name": "DIGI mobil"
				},
				{
					"code": "21408",
					"name": "Euskaltel"
				},
				{
					"code": "21420",
					"name": "Fonyou"
				},
				{
					"code": "21421",
					"name": "Jazztel"
				},
				{
					"code": "21425",
					"name": "Lycamobile"
				},
				{
					"code": "21405",
					"name": "Movistar"
				},
				{
					"code": "21428",
					"name": "Murcia4G"
				},
				{
					"code": "21417",
					"name": "Móbil R"
				},
				{
					"code": "21418",
					"name": "ONO"
				},
				{
					"code": "21403",
					"name": "Orange"
				},
				{
					"code": "21419",
					"name": "Simyo"
				},
				{
					"code": "21416",
					"name": "TeleCable"
				},
				{
					"code": "21427",
					"name": "Truphone"
				},
				{
					"code": "21432",
					"name": "Tuenti"
				},
				{
					"code": "21401",
					"name": "Vodafone"
				},
				{
					"code": "21404",
					"name": "Yoigo"
				}
			]
		},
		{
			"code": "ET",
			"operators": [
				{
					"code": "63601",
					"name": "MTN"
				}
			]
		},
		{
			"code": "FI",
			"operators": [
				{
					"code": "24434",
					"name": "Bittium Wireless"
				},
				{
					"code": "24426",
					"name": "Compatel"
				},
				{
					"code": "24403",
					"name": "DNA"
				},
				{
					"code": "24405",
					"name": "Elisa"
				},
				{
					"code": "24421",
					"name": "Elisa- Saunalahti"
				},
				{
					"code": "24431",
					"name": "Kuiri"
				},
				{
					"code": "24407",
					"name": "Nokia"
				},
				{
					"code": "24415",
					"name": "SAMK"
				},
				{
					"code": "24492",
					"name": "Sonera"
				},
				{
					"code": "24416",
					"name": "Tele2"
				},
				{
					"code": "24491",
					"name": "Telia"
				},
				{
					"code": "24436",
					"name": "Telia / DNA"
				},
				{
					"code": "24437",
					"name": "Tismi"
				},
				{
					"code": "24435",
					"name": "Ukko Mobile"
				},
				{
					"code": "24433",
					"name": "VIRVE"
				},
				{
					"code": "24430",
					"name": "Vectone Mobile"
				},
				{
					"code": "24432",
					"name": "Voxbone"
				},
				{
					"code": "24414",
					"name": "Ålcom"
				}
			]
		},
		{
			"code": "FJ",
			"operators": [
				{
					"code": "54202",
					"name": "Digicel"
				},
				{
					"code": "54201",
					"name": "Vodafone"
				}
			]
		},
		{
			"code": "FO",
			"operators": [
				{
					"code": "28801",
					"name": "Faroese Telecom"
				},
				{
					"code": "28802",
					"name": "Hey"
				}
			]
		},
		{
			"code": "FR",
			"operators": [
				{
					"code": "20820",
					"name": "Bouygues"
				},
				{
					"code": "20892",
					"name": "Com4Innov"
				},
				{
					"code": "20815",
					"name": "Free Mobile"
				},
				{
					"code": "20817",
					"name": "LEGOS"
				},
				{
					"code": "20825",
					"name": "LycaMobile"
				},
				{
					"code": "20803",
					"name": "MobiquiThings"
				},
				{
					"code": "20826",
					"name": "NRJ Mobile"
				},
				{
					"code": "20801",
					"name": "Orange"
				},
				{
					"code": "20887",
					"name": "RATP"
				},
				{
					"code": "20808",
					"name": "SFR"
				},
				{
					"code": "20814",
					"name": "SNCF Réseau"
				},
				{
					"code": "20804",
					"name": "Sisteer"
				},
				{
					"code": "20822",
					"name": "Transatel Mobile"
				},
				{
					"code": "20812",
					"name": "Truphone"
				},
				{
					"code": "20831",
					"name": "Vectone Mobile"
				},
				{
					"code": "20818",
					"name": "Voxbone"
				}
			]
		},
		{
			"code": "GA",
			"operators": [
				{
					"code": "62803",
					"name": "Airtel"
				},
				{
					"code": "62804",
					"name": "Azur"
				},
				{
					"code": "62801",
					"name": "Libertis"
				},
				{
					"code": "62802",
					"name": "Moov"
				},
				{
					"code": "62805",
					"name": "RAG"
				}
			]
		},
		{
			"code": "GB",
			"operators": [
				{
					"code": "23420",
					"name": "3"
				},
				{
					"code": "23403",
					"name": "Airtel-Vodafone"
				},
				{
					"code": "23478",
					"name": "Airwave"
				},
				{
					"code": "23400",
					"name": "BT"
				},
				{
					"code": "23408",
					"name": "BT OnePhone"
				},
				{
					"code": "23418",
					"name": "Cloud9"
				},
				{
					"code": "23404",
					"name": "FMS Solutions Ltd"
				},
				{
					"code": "23424",
					"name": "Greenfone"
				},
				{
					"code": "23472",
					"name": "Hanhaa Mobile"
				},
				{
					"code": "23414",
					"name": "Hay Systems Ltd"
				},
				{
					"code": "23450",
					"name": "JT"
				},
				{
					"code": "23426",
					"name": "Lycamobile"
				},
				{
					"code": "23402",
					"name": "O2 (UK)"
				},
				{
					"code": "23433",
					"name": "Orange"
				},
				{
					"code": "23419",
					"name": "Private Mobile Networks PMN"
				},
				{
					"code": "23458",
					"name": "Pronto GSM"
				},
				{
					"code": "23412",
					"name": "Railtrack"
				},
				{
					"code": "23451",
					"name": "Relish"
				},
				{
					"code": "23436",
					"name": "Sure Mobile"
				},
				{
					"code": "23430",
					"name": "T-Mobile UK"
				},
				{
					"code": "23416",
					"name": "Talk Talk"
				},
				{
					"code": "23425",
					"name": "Truphone"
				},
				{
					"code": "23401",
					"name": "Vectone Mobile"
				},
				{
					"code": "23438",
					"name": "Virgin Mobile"
				},
				{
					"code": "23407",
					"name": "Vodafone UK"
				},
				{
					"code": "23429",
					"name": "aql"
				},
				{
					"code": "23454",
					"name": "iD Mobile"
				}
			]
		},
		{
			"code": "GE",
			"operators": [
				{
					"code": "28204",
					"name": "Beeline"
				},
				{
					"code": "28201",
					"name": "Geocell"
				},
				{
					"code": "28207",
					"name": "GlobalCell"
				},
				{
					"code": "28202",
					"name": "Magti"
				},
				{
					"code": "28203",
					"name": "MagtiFix"
				},
				{
					"code": "28205",
					"name": "S1"
				},
				{
					"code": "28208",
					"name": "Silk LTE"
				}
			]
		},
		{
			"code": "GH",
			"operators": [
				{
					"code": "62003",
					"name": "AirtelTigo"
				},
				{
					"code": "62010",
					"name": "Blu"
				},
				{
					"code": "62004",
					"name": "Expresso"
				},
				{
					"code": "62007",
					"name": "Globacom"
				},
				{
					"code": "62001",
					"name": "MTN"
				},
				{
					"code": "62008",
					"name": "Surfline"
				},
				{
					"code": "62002",
					"name": "Vodafone"
				}
			]
		},
		{
			"code": "GI",
			"operators": [
				{
					"code": "26606",
					"name": "CTS Mobile"
				},
				{
					"code": "26601",
					"name": "GibTel"
				},
				{
					"code": "26603",
					"name": "Gibfibrespeed"
				},
				{
					"code": "26609",
					"name": "Shine"
				}
			]
		},
		{
			"code": "GL",
			"operators": [
				{
					"code": "29002",
					"name": "Nuuk TV"
				}
			]
		},
		{
			"code": "GM",
			"operators": [
				{
					"code": "60702",
					"name": "Africell"
				},
				{
					"code": "60703",
					"name": "Comium"
				},
				{
					"code": "60701",
					"name": "Gamcel"
				},
				{
					"code": "60704",
					"name": "QCell"
				}
			]
		},
		{
			"code": "GN",
			"operators": [
				{
					"code": "61105",
					"name": "Cellcom"
				},
				{
					"code": "61104",
					"name": "MTN"
				},
				{
					"code": "61101",
					"name": "Orange"
				},
				{
					"code": "61102",
					"name": "Sotelgui"
				},
				{
					"code": "61103",
					"name": "Telecel Guinee"
				}
			]
		},
		{
			"code": "GQ",
			"operators": [
				{
					"code": "62703",
					"name": "Muni"
				},
				{
					"code": "62701",
					"name": "Orange GQ"
				}
			]
		},
		{
			"code": "GR",
			"operators": [
				{
					"code": "20201",
					"name": "Cosmote"
				},
				{
					"code": "20214",
					"name": "Cyta Hellas"
				},
				{
					"code": "20205",
					"name": "Vodafone"
				},
				{
					"code": "20209",
					"name": "Wind"
				}
			]
		},
		{
			"code": "GT",
			"operators": [
				{
					"code": "70401",
					"name": "Claro"
				},
				{
					"code": "70402",
					"name": "Tigo"
				},
				{
					"code": "70403",
					"name": "movistar"
				}
			]
		},
		{
			"code": "GU",
			"operators": [
				{
					"code": "310370",
					"name": "Docomo"
				},
				{
					"code": "310140",
					"name": "GTA Wireless"
				},
				{
					"code": "310032",
					"name": "IT&E Wireless"
				},
				{
					"code": "310400",
					"name": "iConnect"
				}
			]
		},
		{
			"code": "GW",
			"operators": [
				{
					"code": "63201",
					"name": "Guinetel"
				},
				{
					"code": "63202",
					"name": "MTN Areeba"
				},
				{
					"code": "63203",
					"name": "Orange"
				}
			]
		},
		{
			"code": "GY",
			"operators": [
				{
					"code": "73801",
					"name": "Digicel"
				},
				{
					"code": "738002",
					"name": "GT&T Cellink Plus"
				}
			]
		},
		{
			"code": "HK",
			"operators": [
				{
					"code": "45400",
					"name": "1O1O / One2Free / New World Mobility / SUNMobile"
				},
				{
					"code": "45400",
					"name": "CSL"
				},
				{
					"code": "45403",
					"name": "3"
				},
				{
					"code": "45404",
					"name": "3 (2G)"
				},
				{
					"code": "45405",
					"name": "3 (CDMA)"
				},
				{
					"code": "45412",
					"name": "CMCC HK"
				},
				{
					"code": "45431",
					"name": "CTExcel"
				},
				{
					"code": "45407",
					"name": "China Unicom"
				},
				{
					"code": "45423",
					"name": "Lycamobile"
				},
				{
					"code": "45410",
					"name": "New World Mobility"
				},
				{
					"code": "45416",
					"name": "PCCW Mobile (2G)"
				},
				{
					"code": "45419",
					"name": "PCCW Mobile (3G)"
				},
				{
					"code": "45420",
					"name": "PCCW Mobile (4G)"
				},
				{
					"code": "45429",
					"name": "PCCW Mobile (CDMA)"
				},
				{
					"code": "45406",
					"name": "SmarTone"
				},
				{
					"code": "45408",
					"name": "Truphone"
				}
			]
		},
		{
			"code": "HN",
			"operators": [
				{
					"code": "708001",
					"name": "Claro"
				},
				{
					"code": "708040",
					"name": "Digicel"
				},
				{
					"code": "708030",
					"name": "Hondutel"
				},
				{
					"code": "708002",
					"name": "Tigo"
				}
			]
		},
		{
			"code": "HR",
			"operators": [
				{
					"code": "21910",
					"name": "A1"
				},
				{
					"code": "21901",
					"name": "T-Mobile"
				},
				{
					"code": "21902",
					"name": "Tele2"
				}
			]
		},
		{
			"code": "HT",
			"operators": [
				{
					"code": "37202",
					"name": "Digicel"
				},
				{
					"code": "37203",
					"name": "Natcom"
				},
				{
					"code": "37201",
					"name": "Voila"
				}
			]
		},
		{
			"code": "HU",
			"operators": [
				{
					"code": "21603",
					"name": "DIGI"
				},
				{
					"code": "21699",
					"name": "MAV GSM-R"
				},
				{
					"code": "21630",
					"name": "T-Mobile"
				},
				{
					"code": "21601",
					"name": "Telenor Hungary"
				},
				{
					"code": "21670",
					"name": "Vodafone"
				},
				{
					"code": "21671",
					"name": "upc"
				}
			]
		},
		{
			"code": "ID",
			"operators": [
				{
					"code": "51089",
					"name": "3"
				},
				{
					"code": "51008",
					"name": "AXIS"
				},
				{
					"code": "51088",
					"name": "BOLT! 4G LTE"
				},
				{
					"code": "51099",
					"name": "Esia"
				},
				{
					"code": "51028",
					"name": "Fren/Hepi"
				},
				{
					"code": "51078",
					"name": "Hinet"
				},
				{
					"code": "51021",
					"name": "IM3"
				},
				{
					"code": "51001",
					"name": "Indosat Ooredoo"
				},
				{
					"code": "51027",
					"name": "Net 1"
				},
				{
					"code": "51000",
					"name": "PSN"
				},
				{
					"code": "51009",
					"name": "Smartfren"
				},
				{
					"code": "51003",
					"name": "StarOne"
				},
				{
					"code": "51020",
					"name": "TELKOMMobile"
				},
				{
					"code": "51007",
					"name": "TelkomFlexi"
				},
				{
					"code": "51010",
					"name": "Telkomsel"
				},
				{
					"code": "51011",
					"name": "XL"
				}
			]
		},
		{
			"code": "IE",
			"operators": [
				{
					"code": "27202",
					"name": "3"
				},
				{
					"code": "27216",
					"name": "Carphone Warehouse"
				},
				{
					"code": "27203",
					"name": "Eir"
				},
				{
					"code": "27213",
					"name": "Lycamobile"
				},
				{
					"code": "27211",
					"name": "Tesco Mobile"
				},
				{
					"code": "27215",
					"name": "Virgin Mobile"
				},
				{
					"code": "27201",
					"name": "Vodafone"
				}
			]
		},
		{
			"code": "IL",
			"operators": [
				{
					"code": "42524",
					"name": "012 Mobile"
				},
				{
					"code": "42519",
					"name": "019 Mobile"
				},
				{
					"code": "42526",
					"name": "Annatel"
				},
				{
					"code": "42520",
					"name": "Bezeq"
				},
				{
					"code": "42521",
					"name": "Bezeq International"
				},
				{
					"code": "42518",
					"name": "Cellact Communications"
				},
				{
					"code": "42502",
					"name": "Cellcom"
				},
				{
					"code": "42508",
					"name": "Golan Telecom"
				},
				{
					"code": "42515",
					"name": "Home Cellular"
				},
				{
					"code": "42507",
					"name": "Hot Mobile"
				},
				{
					"code": "42525",
					"name": "IMOD"
				},
				{
					"code": "42505",
					"name": "Jawwal"
				},
				{
					"code": "42501",
					"name": "Partner"
				},
				{
					"code": "42503",
					"name": "Pelephone"
				},
				{
					"code": "42516",
					"name": "Rami Levy"
				},
				{
					"code": "42517",
					"name": "Sipme"
				},
				{
					"code": "42506",
					"name": "Wataniya Mobile"
				},
				{
					"code": "42509",
					"name": "We4G"
				},
				{
					"code": "42514",
					"name": "Youphone"
				},
				{
					"code": "42512",
					"name": "x2one"
				}
			]
		},
		{
			"code": "IN",
			"operators": [
				{
					"code": "40417",
					"name": "AIRCEL"
				},
				{
					"code": "40402",
					"name": "AirTel"
				},
				{
					"code": "40435",
					"name": "Aircel"
				},
				{
					"code": "40416",
					"name": "Airtel"
				},
				{
					"code": "40468",
					"name": "DOLPHIN"
				},
				{
					"code": "40448",
					"name": "Dishnet Wireless"
				},
				{
					"code": "405912",
					"name": "Etisalat DB(cheers)"
				},
				{
					"code": "40404",
					"name": "IDEA"
				},
				{
					"code": "405840",
					"name": "Jio"
				},
				{
					"code": "40421",
					"name": "Loop Mobile"
				},
				{
					"code": "40409",
					"name": "Reliance"
				},
				{
					"code": "405881",
					"name": "S Tel"
				},
				{
					"code": "405025",
					"name": "TATA DOCOMO"
				},
				{
					"code": "405818",
					"name": "Uninor"
				},
				{
					"code": "405824",
					"name": "Videocon Datacom"
				},
				{
					"code": "40401",
					"name": "Vodafone India"
				},
				{
					"code": "40434",
					"name": "cellone"
				}
			]
		},
		{
			"code": "IQ",
			"operators": [
				{
					"code": "41800",
					"name": "Asia Cell"
				},
				{
					"code": "41862",
					"name": "Itisaluna"
				},
				{
					"code": "41840",
					"name": "Korek"
				},
				{
					"code": "41845",
					"name": "Mobitel"
				},
				{
					"code": "41892",
					"name": "Omnnea"
				},
				{
					"code": "41808",
					"name": "SanaTel"
				},
				{
					"code": "41820",
					"name": "Zain"
				}
			]
		},
		{
			"code": "IR",
			"operators": [
				{
					"code": "43212",
					"name": "Avacell(HiWEB)"
				},
				{
					"code": "43202",
					"name": "Azartel"
				},
				{
					"code": "43219",
					"name": "Espadan (JV-PJS)"
				},
				{
					"code": "43293",
					"name": "Farzanegan Pars"
				},
				{
					"code": "43211",
					"name": "IR-TCI (Hamrah-e-Avval)"
				},
				{
					"code": "43290",
					"name": "Iraphone"
				},
				{
					"code": "43271",
					"name": "KOOHE NOOR"
				},
				{
					"code": "43270",
					"name": "MTCE"
				},
				{
					"code": "43235",
					"name": "MTN Irancell"
				},
				{
					"code": "43240",
					"name": "Mobinnet"
				},
				{
					"code": "43220",
					"name": "Rightel"
				},
				{
					"code": "43210",
					"name": "Samantel"
				},
				{
					"code": "43250",
					"name": "Shatel"
				},
				{
					"code": "43208",
					"name": "Shatel Mobile"
				},
				{
					"code": "43299",
					"name": "TCI (GSM WLL)"
				},
				{
					"code": "43214",
					"name": "TKC/KFZO"
				},
				{
					"code": "43232",
					"name": "Taliya"
				},
				{
					"code": "43201",
					"name": "Uname"
				}
			]
		},
		{
			"code": "IS",
			"operators": [
				{
					"code": "27407",
					"name": "IceCell"
				},
				{
					"code": "27411",
					"name": "Nova"
				},
				{
					"code": "27408",
					"name": "On-waves"
				},
				{
					"code": "27401",
					"name": "Síminn"
				},
				{
					"code": "27412",
					"name": "Tal"
				},
				{
					"code": "27404",
					"name": "Viking"
				},
				{
					"code": "27402",
					"name": "Vodafone"
				}
			]
		},
		{
			"code": "IT",
			"operators": [
				{
					"code": "22237",
					"name": "3 Italia"
				},
				{
					"code": "22298",
					"name": "BLU"
				},
				{
					"code": "22234",
					"name": "BT Italia"
				},
				{
					"code": "22253",
					"name": "COOP Voce"
				},
				{
					"code": "22236",
					"name": "Digi Mobil"
				},
				{
					"code": "22202",
					"name": "Elsacom"
				},
				{
					"code": "22208",
					"name": "Fastweb"
				},
				{
					"code": "22277",
					"name": "IPSE 2000"
				},
				{
					"code": "22250",
					"name": "Iliad"
				},
				{
					"code": "22204",
					"name": "Intermatica"
				},
				{
					"code": "22207",
					"name": "Kena Mobile"
				},
				{
					"code": "22238",
					"name": "LINKEM"
				},
				{
					"code": "22235",
					"name": "Lycamobile"
				},
				{
					"code": "22254",
					"name": "Plintron"
				},
				{
					"code": "22233",
					"name": "Poste Mobile"
				},
				{
					"code": "22230",
					"name": "RFI"
				},
				{
					"code": "22239",
					"name": "SMS Italia"
				},
				{
					"code": "22201",
					"name": "TIM"
				},
				{
					"code": "22205",
					"name": "Telespazio"
				},
				{
					"code": "22247",
					"name": "Tiscali"
				},
				{
					"code": "22256",
					"name": "Unknown"
				},
				{
					"code": "22249",
					"name": "Vianova"
				},
				{
					"code": "22206",
					"name": "Vodafone"
				},
				{
					"code": "22288",
					"name": "Wind"
				}
			]
		},
		{
			"code": "JM",
			"operators": [
				{
					"code": "338040",
					"name": "Caricel"
				},
				{
					"code": "338070",
					"name": "Claro"
				},
				{
					"code": "338050",
					"name": "Digicel"
				},
				{
					"code": "338020",
					"name": "FLOW"
				}
			]
		},
		{
			"code": "JO",
			"operators": [
				{
					"code": "41677",
					"name": "Orange"
				},
				{
					"code": "41603",
					"name": "Umniah"
				},
				{
					"code": "41602",
					"name": "XPress Telecom"
				},
				{
					"code": "41601",
					"name": "zain JO"
				}
			]
		},
		{
			"code": "JP",
			"operators": [
				{
					"code": "44003",
					"name": "IIJmio"
				},
				{
					"code": "44010",
					"name": "NTT docomo"
				},
				{
					"code": "44020",
					"name": "SoftBank"
				},
				{
					"code": "44051",
					"name": "KDDI"
				},
				{
					"code": "44001",
					"name": "UQ WiMAX"
				},
				{
					"code": "44000",
					"name": "Y!Mobile"
				},
				{
					"code": "44010",
					"name": "Rakuten"
				},
				{
					"code": "44011",
					"name": "Rakuten1"
				},
				{
					"code": "44050",
					"name": "au"
				}
			]
		},
		{
			"code": "KE",
			"operators": [
				{
					"code": "63903",
					"name": "Airtel"
				},
				{
					"code": "63910",
					"name": "Faiba 4G"
				},
				{
					"code": "63902",
					"name": "Safaricom"
				},
				{
					"code": "63907",
					"name": "Telkom"
				},
				{
					"code": "63905",
					"name": "yu"
				}
			]
		},
		{
			"code": "KG",
			"operators": [
				{
					"code": "43701",
					"name": "Beeline"
				},
				{
					"code": "43705",
					"name": "MegaCom"
				},
				{
					"code": "43709",
					"name": "O!"
				}
			]
		},
		{
			"code": "KH",
			"operators": [
				{
					"code": "45601",
					"name": "Cellcard"
				},
				{
					"code": "45608",
					"name": "Metfone"
				},
				{
					"code": "45611",
					"name": "SEATEL"
				},
				{
					"code": "45602",
					"name": "Smart"
				},
				{
					"code": "45603",
					"name": "qb"
				}
			]
		},
		{
			"code": "KI",
			"operators": [
				{
					"code": "54509",
					"name": "Kiribati - Frigate Net"
				},
				{
					"code": "54501",
					"name": "Kiribati - TSKL"
				}
			]
		},
		{
			"code": "KM",
			"operators": [
				{
					"code": "65401",
					"name": "HURI"
				},
				{
					"code": "65402",
					"name": "TELCO SA"
				}
			]
		},
		{
			"code": "KN",
			"operators": [
				{
					"code": "356070",
					"name": "Chippie"
				},
				{
					"code": "356050",
					"name": "Digicel"
				},
				{
					"code": "356110",
					"name": "FLOW"
				}
			]
		},
		{
			"code": "KP",
			"operators": [
				{
					"code": "46705",
					"name": "Koryolink"
				},
				{
					"code": "467193",
					"name": "SunNet"
				}
			]
		},
		{
			"code": "KR",
			"operators": [
				{
					"code": "45002",
					"name": "KT"
				},
				{
					"code": "45006",
					"name": "LG U+"
				},
				{
					"code": "45003",
					"name": "Power 017"
				},
				{
					"code": "45005",
					"name": "SKTelecom"
				},
				{
					"code": "45011",
					"name": "Tplus"
				},
				{
					"code": "45008",
					"name": "olleh"
				}
			]
		},
		{
			"code": "KW",
			"operators": [
				{
					"code": "41903",
					"name": "K.S.C Ooredoo"
				},
				{
					"code": "41904",
					"name": "Viva"
				},
				{
					"code": "41902",
					"name": "Zain"
				}
			]
		},
		{
			"code": "KY",
			"operators": [
				{
					"code": "346050",
					"name": "Digicel"
				},
				{
					"code": "346140",
					"name": "FLOW"
				},
				{
					"code": "346001",
					"name": "Logic"
				}
			]
		},
		{
			"code": "KZ",
			"operators": [
				{
					"code": "40107",
					"name": "Altel"
				},
				{
					"code": "40101",
					"name": "Beeline"
				},
				{
					"code": "40108",
					"name": "Kazakhtelecom"
				},
				{
					"code": "40102",
					"name": "Kcell"
				},
				{
					"code": "40177",
					"name": "Tele2.kz"
				}
			]
		},
		{
			"code": "LA",
			"operators": [
				{
					"code": "45708",
					"name": "Beeline"
				},
				{
					"code": "45702",
					"name": "ETL"
				},
				{
					"code": "45701",
					"name": "LaoTel"
				},
				{
					"code": "45703",
					"name": "Unitel"
				}
			]
		},
		{
			"code": "LB",
			"operators": [
				{
					"code": "41501",
					"name": "Alfa"
				},
				{
					"code": "41505",
					"name": "Ogero Mobile"
				},
				{
					"code": "41503",
					"name": "Touch"
				}
			]
		},
		{
			"code": "LC",
			"operators": [
				{
					"code": "338050",
					"name": "Digicel"
				},
				{
					"code": "358110",
					"name": "FLOW"
				}
			]
		},
		{
			"code": "LI",
			"operators": [
				{
					"code": "29502",
					"name": "7acht"
				},
				{
					"code": "29577",
					"name": "Alpmobil"
				},
				{
					"code": "29506",
					"name": "Cubic Telecom"
				},
				{
					"code": "29505",
					"name": "FL1"
				},
				{
					"code": "29501",
					"name": "Swisscom"
				}
			]
		},
		{
			"code": "LK",
			"operators": [
				{
					"code": "41305",
					"name": "Airtel"
				},
				{
					"code": "41302",
					"name": "Dialog"
				},
				{
					"code": "41303",
					"name": "Etisalat"
				},
				{
					"code": "41308",
					"name": "Hutch"
				},
				{
					"code": "41304",
					"name": "Lanka Bell"
				},
				{
					"code": "41301",
					"name": "Mobitel"
				},
				{
					"code": "41312",
					"name": "SLT"
				}
			]
		},
		{
			"code": "LR",
			"operators": [
				{
					"code": "61820",
					"name": "LIBTELCO"
				},
				{
					"code": "61802",
					"name": "Libercell"
				},
				{
					"code": "61801",
					"name": "Lonestar Cell"
				},
				{
					"code": "61804",
					"name": "Novafone"
				},
				{
					"code": "61807",
					"name": "Orange LBR"
				}
			]
		},
		{
			"code": "LS",
			"operators": [
				{
					"code": "65102",
					"name": "Econet Telecom"
				},
				{
					"code": "65101",
					"name": "Vodacom"
				}
			]
		},
		{
			"code": "LT",
			"operators": [
				{
					"code": "24602",
					"name": "BITĖ"
				},
				{
					"code": "24605",
					"name": "LitRail"
				},
				{
					"code": "24608",
					"name": "MEZON"
				},
				{
					"code": "24606",
					"name": "Mediafon"
				},
				{
					"code": "24603",
					"name": "Tele2"
				},
				{
					"code": "24601",
					"name": "Telia"
				}
			]
		},
		{
			"code": "LU",
			"operators": [
				{
					"code": "27071",
					"name": "CFL"
				},
				{
					"code": "27099",
					"name": "Orange"
				},
				{
					"code": "27001",
					"name": "POST"
				},
				{
					"code": "27077",
					"name": "Tango"
				}
			]
		},
		{
			"code": "LV",
			"operators": [
				{
					"code": "24705",
					"name": "Bite"
				},
				{
					"code": "24708",
					"name": "IZZI"
				},
				{
					"code": "24701",
					"name": "LMT"
				},
				{
					"code": "24703",
					"name": "TRIATEL"
				},
				{
					"code": "24702",
					"name": "Tele2"
				},
				{
					"code": "24709",
					"name": "Xomobile"
				}
			]
		},
		{
			"code": "LY",
			"operators": [
				{
					"code": "60602",
					"name": "Al-Jeel Phone"
				},
				{
					"code": "60606",
					"name": "Hatef Libya"
				},
				{
					"code": "60603",
					"name": "Libya Phone"
				},
				{
					"code": "60600",
					"name": "Libyana"
				},
				{
					"code": "60601",
					"name": "Madar"
				}
			]
		},
		{
			"code": "MA",
			"operators": [
				{
					"code": "60401",
					"name": "IAM"
				},
				{
					"code": "60402",
					"name": "INWI"
				},
				{
					"code": "60400",
					"name": "Orange Morocco"
				}
			]
		},
		{
			"code": "MC",
			"operators": [
				{
					"code": "21210",
					"name": "Office des Telephones"
				}
			]
		},
		{
			"code": "MD",
			"operators": [
				{
					"code": "25904",
					"name": "Eventis"
				},
				{
					"code": "25500",
					"name": "IDC"
				},
				{
					"code": "25902",
					"name": "Moldcell"
				},
				{
					"code": "25901",
					"name": "Orange"
				},
				{
					"code": "25903",
					"name": "Unité"
				}
			]
		},
		{
			"code": "ME",
			"operators": [
				{
					"code": "29702",
					"name": "T-Mobile"
				},
				{
					"code": "29701",
					"name": "Telenor"
				},
				{
					"code": "29703",
					"name": "m:tel CG"
				}
			]
		},
		{
			"code": "MG",
			"operators": [
				{
					"code": "64601",
					"name": "Airtel"
				},
				{
					"code": "64602",
					"name": "Orange"
				},
				{
					"code": "64603",
					"name": "Sacel"
				},
				{
					"code": "64604",
					"name": "Telma"
				}
			]
		},
		{
			"code": "MK",
			"operators": [
				{
					"code": "29404",
					"name": "Lycamobile"
				},
				{
					"code": "29401",
					"name": "Telekom.mk"
				},
				{
					"code": "29402",
					"name": "vip"
				}
			]
		},
		{
			"code": "ML",
			"operators": [
				{
					"code": "61003",
					"name": "ATEL-SA"
				},
				{
					"code": "61001",
					"name": "Malitel"
				},
				{
					"code": "61002",
					"name": "Orange"
				}
			]
		},
		{
			"code": "MM",
			"operators": [
				{
					"code": "41420",
					"name": "ACS"
				},
				{
					"code": "41403",
					"name": "CDMA800"
				},
				{
					"code": "41400",
					"name": "MPT"
				},
				{
					"code": "41409",
					"name": "Mytel"
				},
				{
					"code": "41405",
					"name": "Ooredoo"
				},
				{
					"code": "41406",
					"name": "Telenor"
				}
			]
		},
		{
			"code": "MN",
			"operators": [
				{
					"code": "42898",
					"name": "G-Mobile"
				},
				{
					"code": "42899",
					"name": "Mobicom"
				},
				{
					"code": "42801",
					"name": "Skytel"
				},
				{
					"code": "42888",
					"name": "Unitel"
				}
			]
		},
		{
			"code": "MO",
			"operators": [
				{
					"code": "45503",
					"name": "3"
				},
				{
					"code": "45501",
					"name": "CTM"
				},
				{
					"code": "45502",
					"name": "China Telecom"
				},
				{
					"code": "45500",
					"name": "SmarTone"
				}
			]
		},
		{
			"code": "MR",
			"operators": [
				{
					"code": "60902",
					"name": "Chinguitel"
				},
				{
					"code": "60901",
					"name": "Mattel"
				},
				{
					"code": "60910",
					"name": "Mauritel"
				}
			]
		},
		{
			"code": "MT",
			"operators": [
				{
					"code": "27821",
					"name": "GO"
				},
				{
					"code": "27877",
					"name": "Melita"
				},
				{
					"code": "27801",
					"name": "Vodafone"
				}
			]
		},
		{
			"code": "MU",
			"operators": [
				{
					"code": "61703",
					"name": "CHILI"
				},
				{
					"code": "61710",
					"name": "Emtel"
				},
				{
					"code": "61702",
					"name": "MOKOZE / AZU"
				},
				{
					"code": "61701",
					"name": "my.t"
				}
			]
		},
		{
			"code": "MV",
			"operators": [
				{
					"code": "47201",
					"name": "Dhiraagu"
				},
				{
					"code": "47202",
					"name": "Ooredoo"
				}
			]
		},
		{
			"code": "MW",
			"operators": [
				{
					"code": "65002",
					"name": "Access"
				},
				{
					"code": "65010",
					"name": "Airtel"
				},
				{
					"code": "65001",
					"name": "TNM"
				}
			]
		},
		{
			"code": "MX",
			"operators": [
				{
					"code": "334010",
					"name": "AT&T"
				},
				{
					"code": "334050",
					"name": "AT&T / Unefon"
				},
				{
					"code": "334140",
					"name": "Altan Redes"
				},
				{
					"code": "33403",
					"name": "Movistar"
				},
				{
					"code": "334020",
					"name": "Telcel"
				},
				{
					"code": "334150",
					"name": "Ultranet"
				},
				{
					"code": "334040",
					"name": "Unefon"
				}
			]
		},
		{
			"code": "MY",
			"operators": [
				{
					"code": "50201",
					"name": "ATUR 450"
				},
				{
					"code": "502156",
					"name": "Altel"
				},
				{
					"code": "50213",
					"name": "Celcom"
				},
				{
					"code": "502155",
					"name": "Clixster"
				},
				{
					"code": "50216",
					"name": "DiGi"
				},
				{
					"code": "50220",
					"name": "Electcoms"
				},
				{
					"code": "50212",
					"name": "Maxis"
				},
				{
					"code": "502151",
					"name": "SalamFone"
				},
				{
					"code": "50211",
					"name": "TM Homeline"
				},
				{
					"code": "502157",
					"name": "Telin"
				},
				{
					"code": "502154",
					"name": "Tron"
				},
				{
					"code": "502150",
					"name": "Tune Talk"
				},
				{
					"code": "50218",
					"name": "U Mobile"
				},
				{
					"code": "502152",
					"name": "Yes"
				},
				{
					"code": "502153",
					"name": "unifi"
				}
			]
		},
		{
			"code": "MZ",
			"operators": [
				{
					"code": "64303",
					"name": "Movitel"
				},
				{
					"code": "64304",
					"name": "Vodacom"
				},
				{
					"code": "64301",
					"name": "mCel"
				}
			]
		},
		{
			"code": "NA",
			"operators": [
				{
					"code": "64901",
					"name": "MTC"
				},
				{
					"code": "64903",
					"name": "TN Mobile"
				},
				{
					"code": "64902",
					"name": "switch"
				}
			]
		},
		{
			"code": "NC",
			"operators": [
				{
					"code": "54601",
					"name": "Mobilis"
				}
			]
		},
		{
			"code": "NE",
			"operators": [
				{
					"code": "61402",
					"name": "Airtel"
				},
				{
					"code": "61403",
					"name": "Moov"
				},
				{
					"code": "61404",
					"name": "Orange"
				},
				{
					"code": "61401",
					"name": "SahelCom"
				}
			]
		},
		{
			"code": "NG",
			"operators": [
				{
					"code": "62160",
					"name": "9mobile"
				},
				{
					"code": "62120",
					"name": "Airtel"
				},
				{
					"code": "62150",
					"name": "Glo"
				},
				{
					"code": "62122",
					"name": "InterC"
				},
				{
					"code": "62130",
					"name": "MTN"
				},
				{
					"code": "62140",
					"name": "Ntel"
				},
				{
					"code": "62127",
					"name": "Smile"
				},
				{
					"code": "62125",
					"name": "Visafone"
				}
			]
		},
		{
			"code": "NI",
			"operators": [
				{
					"code": "71021",
					"name": "Claro"
				},
				{
					"code": "71030",
					"name": "movistar"
				}
			]
		},
		{
			"code": "NL",
			"operators": [
				{
					"code": "20417",
					"name": "Intercity Zakelijk"
				},
				{
					"code": "20408",
					"name": "KPN"
				},
				{
					"code": "20409",
					"name": "Lycamobile"
				},
				{
					"code": "20420",
					"name": "T-Mobile"
				},
				{
					"code": "20416",
					"name": "T-Mobile (BEN)"
				},
				{
					"code": "20402",
					"name": "Tele2"
				},
				{
					"code": "20412",
					"name": "Telfort"
				},
				{
					"code": "20406",
					"name": "Vectone Mobile"
				},
				{
					"code": "20404",
					"name": "Vodafone"
				},
				{
					"code": "20403",
					"name": "Voiceworks"
				},
				{
					"code": "20462",
					"name": "Voxbone"
				},
				{
					"code": "20415",
					"name": "Ziggo"
				},
				{
					"code": "20418",
					"name": "upc"
				}
			]
		},
		{
			"code": "NO",
			"operators": [
				{
					"code": "24209",
					"name": "Com4"
				},
				{
					"code": "24223",
					"name": "Lycamobile"
				},
				{
					"code": "24207",
					"name": "Phonero"
				},
				{
					"code": "24211",
					"name": "SystemNet"
				},
				{
					"code": "24204",
					"name": "Tele2"
				},
				{
					"code": "24201",
					"name": "Telenor"
				},
				{
					"code": "24202",
					"name": "Telia"
				},
				{
					"code": "24206",
					"name": "ice"
				}
			]
		},
		{
			"code": "NP",
			"operators": [
				{
					"code": "42901",
					"name": "Namaste / NT Mobile / Sky Phone"
				},
				{
					"code": "42902",
					"name": "Ncell"
				},
				{
					"code": "42904",
					"name": "SmartCell"
				},
				{
					"code": "42903",
					"name": "UTL"
				}
			]
		},
		{
			"code": "NR",
			"operators": [
				{
					"code": "53602",
					"name": "Digicel"
				}
			]
		},
		{
			"code": "NU",
			"operators": [
				{
					"code": "55501",
					"name": "Telecom Niue"
				}
			]
		},
		{
			"code": "NZ",
			"operators": [
				{
					"code": "53024",
					"name": "2degrees"
				},
				{
					"code": "53006",
					"name": "Skinny"
				},
				{
					"code": "53005",
					"name": "Spark"
				},
				{
					"code": "53000",
					"name": "Telecom"
				},
				{
					"code": "53001",
					"name": "Vodafone"
				},
				{
					"code": "53003",
					"name": "Woosh"
				}
			]
		},
		{
			"code": "OM",
			"operators": [
				{
					"code": "42202",
					"name": "Omantel"
				},
				{
					"code": "42203",
					"name": "ooredoo"
				}
			]
		},
		{
			"code": "PA",
			"operators": [
				{
					"code": "71401",
					"name": "Cable & Wireless"
				},
				{
					"code": "71403",
					"name": "Claro"
				},
				{
					"code": "71404",
					"name": "Digicel"
				},
				{
					"code": "71402",
					"name": "movistar"
				}
			]
		},
		{
			"code": "PE",
			"operators": [
				{
					"code": "71615",
					"name": "Bitel"
				},
				{
					"code": "71610",
					"name": "Claro"
				},
				{
					"code": "71607",
					"name": "Entel"
				},
				{
					"code": "71606",
					"name": "Movistar"
				}
			]
		},
		{
			"code": "PF",
			"operators": [
				{
					"code": "54705",
					"name": "Ora"
				},
				{
					"code": "54720",
					"name": "Vini"
				},
				{
					"code": "54715",
					"name": "Vodafone"
				}
			]
		},
		{
			"code": "PG",
			"operators": [
				{
					"code": "53703",
					"name": "Digicel"
				},
				{
					"code": "53701",
					"name": "bmobile"
				},
				{
					"code": "53702",
					"name": "citifon"
				}
			]
		},
		{
			"code": "PH",
			"operators": [
				{
					"code": "51524",
					"name": "ABS-CBN Mobile"
				},
				{
					"code": "51518",
					"name": "Cure"
				},
				{
					"code": "51502",
					"name": "Globe"
				},
				{
					"code": "51501",
					"name": "Islacom"
				},
				{
					"code": "51503",
					"name": "SMART"
				},
				{
					"code": "51505",
					"name": "Sun Cellular"
				}
			]
		},
		{
			"code": "PK",
			"operators": [
				{
					"code": "41002",
					"name": "3G EVO / CharJi 4G"
				},
				{
					"code": "41001",
					"name": "Jazz"
				},
				{
					"code": "41005",
					"name": "SCO Mobile"
				},
				{
					"code": "41006",
					"name": "Telenor"
				},
				{
					"code": "41003",
					"name": "Ufone"
				},
				{
					"code": "41004",
					"name": "Zong"
				}
			]
		},
		{
			"code": "PL",
			"operators": [
				{
					"code": "26018",
					"name": "AMD Telecom"
				},
				{
					"code": "26026",
					"name": "ATE"
				},
				{
					"code": "26004",
					"name": "Aero2"
				},
				{
					"code": "26022",
					"name": "Arcomm"
				},
				{
					"code": "26012",
					"name": "Cyfrowy Polsat"
				},
				{
					"code": "26021",
					"name": "Exteri"
				},
				{
					"code": "26030",
					"name": "GrandTel"
				},
				{
					"code": "26029",
					"name": "Interfonica"
				},
				{
					"code": "26009",
					"name": "Lycamobile"
				},
				{
					"code": "26034",
					"name": "NetWorkS!"
				},
				{
					"code": "26007",
					"name": "Netia"
				},
				{
					"code": "26011",
					"name": "Nordisk Polska"
				},
				{
					"code": "26003",
					"name": "Orange"
				},
				{
					"code": "26031",
					"name": "Phone IT"
				},
				{
					"code": "26028",
					"name": "PhoneNet"
				},
				{
					"code": "26006",
					"name": "Play"
				},
				{
					"code": "26001",
					"name": "Plus"
				},
				{
					"code": "26002",
					"name": "T-Mobile"
				},
				{
					"code": "26033",
					"name": "Truphone"
				},
				{
					"code": "26036",
					"name": "Vectone Mobile"
				},
				{
					"code": "26039",
					"name": "Voxbone"
				}
			]
		},
		{
			"code": "PM",
			"operators": [
				{
					"code": "30801",
					"name": "Ameris"
				},
				{
					"code": "30802",
					"name": "GLOBALTEL"
				}
			]
		},
		{
			"code": "PR",
			"operators": [
				{
					"code": "330110",
					"name": "Claro Puerto Rico"
				},
				{
					"code": "330000",
					"name": "Open Mobile"
				}
			]
		},
		{
			"code": "PT",
			"operators": [
				{
					"code": "26804",
					"name": "LycaMobile"
				},
				{
					"code": "26802",
					"name": "MEO"
				},
				{
					"code": "26803",
					"name": "NOS"
				},
				{
					"code": "26807",
					"name": "Vectone Mobile"
				},
				{
					"code": "26801",
					"name": "Vodafone"
				},
				{
					"code": "26821",
					"name": "Zapp"
				}
			]
		},
		{
			"code": "PW",
			"operators": [
				{
					"code": "55201",
					"name": "PNCC"
				},
				{
					"code": "55202",
					"name": "PT Waves"
				},
				{
					"code": "55280",
					"name": "Palau Mobile"
				}
			]
		},
		{
			"code": "PY",
			"operators": [
				{
					"code": "74402",
					"name": "Claro/Hutchison"
				},
				{
					"code": "74406",
					"name": "Copaco"
				},
				{
					"code": "74405",
					"name": "Personal"
				},
				{
					"code": "74404",
					"name": "Tigo"
				},
				{
					"code": "74401",
					"name": "VOX"
				}
			]
		},
		{
			"code": "QA",
			"operators": [
				{
					"code": "42705",
					"name": "Ministry of Interior"
				},
				{
					"code": "42702",
					"name": "Vodafone"
				},
				{
					"code": "42701",
					"name": "ooredoo"
				}
			]
		},
		{
			"code": "RO",
			"operators": [
				{
					"code": "22602",
					"name": "Clicknet Mobile"
				},
				{
					"code": "22604",
					"name": "Cosmote/Zapp"
				},
				{
					"code": "22605",
					"name": "Digi.Mobil"
				},
				{
					"code": "22615",
					"name": "Idilis"
				},
				{
					"code": "22616",
					"name": "Lycamobile"
				},
				{
					"code": "22610",
					"name": "Orange"
				},
				{
					"code": "22603",
					"name": "Telekom"
				},
				{
					"code": "22606",
					"name": "Telekom/Zapp"
				},
				{
					"code": "22601",
					"name": "Vodafone"
				}
			]
		},
		{
			"code": "RS",
			"operators": [
				{
					"code": "22011",
					"name": "GLOBALTEL"
				},
				{
					"code": "22004",
					"name": "T-Mobile"
				},
				{
					"code": "22001",
					"name": "Telenor"
				},
				{
					"code": "22005",
					"name": "VIP"
				},
				{
					"code": "22009",
					"name": "Vectone Mobile"
				},
				{
					"code": "22003",
					"name": "mts"
				}
			]
		},
		{
			"code": "RU",
			"operators": [
				{
					"code": "25012",
					"name": "Akos"
				},
				{
					"code": "25012",
					"name": "Baykalwestcom"
				},
				{
					"code": "25028",
					"name": "Beeline"
				},
				{
					"code": "25010",
					"name": "DTC"
				},
				{
					"code": "25005",
					"name": "ETK"
				},
				{
					"code": "25021",
					"name": "GlobalTel"
				},
				{
					"code": "25019",
					"name": "INDIGO"
				},
				{
					"code": "25061",
					"name": "Intertelecom"
				},
				{
					"code": "25029",
					"name": "Iridium"
				},
				{
					"code": "25013",
					"name": "KUGSM"
				},
				{
					"code": "25034",
					"name": "Krymtelekom"
				},
				{
					"code": "25027",
					"name": "Letai"
				},
				{
					"code": "25035",
					"name": "MOTIV"
				},
				{
					"code": "25001",
					"name": "MTS"
				},
				{
					"code": "25002",
					"name": "MegaFon"
				},
				{
					"code": "25016",
					"name": "Miatel"
				},
				{
					"code": "25003",
					"name": "NCC"
				},
				{
					"code": "25018",
					"name": "Osnova Telecom"
				},
				{
					"code": "25039",
					"name": "Rostelecom"
				},
				{
					"code": "25007",
					"name": "SMARTS"
				},
				{
					"code": "25033",
					"name": "Sevmobile"
				},
				{
					"code": "25004",
					"name": "Sibchallenge"
				},
				{
					"code": "25006",
					"name": "Skylink"
				},
				{
					"code": "25091",
					"name": "Sonic Duo"
				},
				{
					"code": "25054",
					"name": "TTK"
				},
				{
					"code": "25038",
					"name": "Tambov GSM"
				},
				{
					"code": "25020",
					"name": "Tele2"
				},
				{
					"code": "25023",
					"name": "Thuraya"
				},
				{
					"code": "25062",
					"name": "Tinkoff Mobile"
				},
				{
					"code": "25017",
					"name": "Utel"
				},
				{
					"code": "25008",
					"name": "Vainah Telecom"
				},
				{
					"code": "25060",
					"name": "Volna mobile"
				},
				{
					"code": "25032",
					"name": "Win Mobile"
				},
				{
					"code": "25011",
					"name": "Yota"
				}
			]
		},
		{
			"code": "RW",
			"operators": [
				{
					"code": "63513",
					"name": "Airtel"
				},
				{
					"code": "63510",
					"name": "MTN"
				},
				{
					"code": "63517",
					"name": "Olleh"
				},
				{
					"code": "63511",
					"name": "Rwandatel"
				}
			]
		},
		{
			"code": "SA",
			"operators": [
				{
					"code": "42001",
					"name": "Al Jawal (STC )"
				},
				{
					"code": "42006",
					"name": "Lebara Mobile"
				},
				{
					"code": "42003",
					"name": "Mobily"
				},
				{
					"code": "42021",
					"name": "RGSM"
				},
				{
					"code": "42005",
					"name": "Virgin Mobile"
				},
				{
					"code": "42004",
					"name": "Zain SA"
				}
			]
		},
		{
			"code": "SB",
			"operators": [
				{
					"code": "54001",
					"name": "BREEZE"
				},
				{
					"code": "54002",
					"name": "BeMobile"
				}
			]
		},
		{
			"code": "SC",
			"operators": [
				{
					"code": "63310",
					"name": "Airtel"
				},
				{
					"code": "63301",
					"name": "Cable & Wireless"
				},
				{
					"code": "63302",
					"name": "Mediatech"
				}
			]
		},
		{
			"code": "SD",
			"operators": [
				{
					"code": "63402",
					"name": "MTN"
				},
				{
					"code": "63407",
					"name": "Sudani One"
				},
				{
					"code": "63401",
					"name": "Zain SD"
				},
				{
					"code": "63405",
					"name": "canar"
				},
				{
					"code": "63409",
					"name": "khartoum INC"
				}
			]
		},
		{
			"code": "SE",
			"operators": [
				{
					"code": "24002",
					"name": "3"
				},
				{
					"code": "24009",
					"name": "Com4"
				},
				{
					"code": "24063",
					"name": "FTS"
				},
				{
					"code": "24017",
					"name": "Gotanet"
				},
				{
					"code": "24012",
					"name": "Lycamobile"
				},
				{
					"code": "24021",
					"name": "MobiSir"
				},
				{
					"code": "24003",
					"name": "Net 1"
				},
				{
					"code": "24004",
					"name": "SWEDEN"
				},
				{
					"code": "24010",
					"name": "Spring Mobil"
				},
				{
					"code": "24024",
					"name": "Sweden 2G"
				},
				{
					"code": "24005",
					"name": "Sweden 3G"
				},
				{
					"code": "24007",
					"name": "Tele2"
				},
				{
					"code": "24006",
					"name": "Telenor"
				},
				{
					"code": "24001",
					"name": "Telia"
				},
				{
					"code": "24019",
					"name": "Vectone Mobile"
				},
				{
					"code": "24046",
					"name": "Viahub"
				},
				{
					"code": "24038",
					"name": "Voxbone"
				}
			]
		},
		{
			"code": "SG",
			"operators": [
				{
					"code": "52509",
					"name": "Circles.Life"
				},
				{
					"code": "52512",
					"name": "Grid"
				},
				{
					"code": "52503",
					"name": "M1"
				},
				{
					"code": "52501",
					"name": "SingTel"
				},
				{
					"code": "52502",
					"name": "SingTel-G18"
				},
				{
					"code": "52505",
					"name": "StarHub"
				}
			]
		},
		{
			"code": "SI",
			"operators": [
				{
					"code": "29340",
					"name": "A1"
				},
				{
					"code": "29341",
					"name": "Mobitel"
				},
				{
					"code": "29364",
					"name": "T-2"
				},
				{
					"code": "29370",
					"name": "Telemach"
				}
			]
		},
		{
			"code": "SK",
			"operators": [
				{
					"code": "23103",
					"name": "4ka"
				},
				{
					"code": "23106",
					"name": "O2"
				},
				{
					"code": "23101",
					"name": "Orange"
				},
				{
					"code": "23102",
					"name": "Telekom"
				},
				{
					"code": "23199",
					"name": "ŽSR"
				}
			]
		},
		{
			"code": "SL",
			"operators": [
				{
					"code": "61902",
					"name": "Africell"
				},
				{
					"code": "61904",
					"name": "Comium"
				},
				{
					"code": "61925",
					"name": "Mobitel"
				},
				{
					"code": "61901",
					"name": "Orange"
				},
				{
					"code": "61906",
					"name": "SierraTel"
				},
				{
					"code": "61909",
					"name": "Smart Mobile"
				}
			]
		},
		{
			"code": "SM",
			"operators": [
				{
					"code": "29201",
					"name": "PRIMA"
				}
			]
		},
		{
			"code": "SN",
			"operators": [
				{
					"code": "60803",
					"name": "Expresso"
				},
				{
					"code": "60801",
					"name": "Orange"
				},
				{
					"code": "60802",
					"name": "Tigo"
				}
			]
		},
		{
			"code": "SO",
			"operators": [
				{
					"code": "63730",
					"name": "Golis"
				},
				{
					"code": "63750",
					"name": "Hormuud"
				},
				{
					"code": "63767",
					"name": "Horntel Group"
				},
				{
					"code": "63710",
					"name": "Nationlink"
				},
				{
					"code": "63720",
					"name": "SOMNET"
				},
				{
					"code": "63704",
					"name": "Somafone"
				},
				{
					"code": "63771",
					"name": "Somtel"
				},
				{
					"code": "63782",
					"name": "Telcom"
				},
				{
					"code": "63701",
					"name": "Telesom"
				},
				{
					"code": "63757",
					"name": "UNITEL"
				}
			]
		},
		{
			"code": "SR",
			"operators": [
				{
					"code": "74603",
					"name": "Digicel"
				},
				{
					"code": "74601",
					"name": "Telesur"
				}
			]
		},
		{
			"code": "ST",
			"operators": [
				{
					"code": "62601",
					"name": "CSTmovel"
				},
				{
					"code": "62602",
					"name": "Unitel STP"
				}
			]
		},
		{
			"code": "SV",
			"operators": [
				{
					"code": "70601",
					"name": "Claro"
				},
				{
					"code": "70602",
					"name": "Digicel"
				},
				{
					"code": "70605",
					"name": "RED"
				},
				{
					"code": "70603",
					"name": "Tigo"
				},
				{
					"code": "70604",
					"name": "movistar"
				}
			]
		},
		{
			"code": "SY",
			"operators": [
				{
					"code": "41702",
					"name": "MTN"
				},
				{
					"code": "41701",
					"name": "Syriatel"
				}
			]
		},
		{
			"code": "SZ",
			"operators": [
				{
					"code": "65310",
					"name": "Swazi MTN"
				}
			]
		},
		{
			"code": "TG",
			"operators": [
				{
					"code": "61503",
					"name": "Moov"
				},
				{
					"code": "61501",
					"name": "Togo Cell"
				}
			]
		},
		{
			"code": "TH",
			"operators": [
				{
					"code": "52003",
					"name": "ACeS"
				},
				{
					"code": "52001",
					"name": "AIS"
				},
				{
					"code": "52023",
					"name": "AIS GSM 1800"
				},
				{
					"code": "52015",
					"name": "AIS-T / TOT Mobile"
				},
				{
					"code": "52002",
					"name": "CAT CDMA"
				},
				{
					"code": "52099",
					"name": "TrueMove"
				},
				{
					"code": "52004",
					"name": "TrueMove H"
				},
				{
					"code": "52000",
					"name": "TrueMove H / my by CAT"
				},
				{
					"code": "52025",
					"name": "WE PCT"
				},
				{
					"code": "52018",
					"name": "dtac"
				},
				{
					"code": "52005",
					"name": "dtac TriNet / LINE"
				},
				{
					"code": "52047",
					"name": "dtac-T / LINE / TOT Mobile"
				}
			]
		},
		{
			"code": "TM",
			"operators": [
				{
					"code": "43803",
					"name": "AGTS CDMA"
				},
				{
					"code": "43801",
					"name": "MTS"
				},
				{
					"code": "43802",
					"name": "TM-Cell"
				}
			]
		},
		{
			"code": "TN",
			"operators": [
				{
					"code": "60503",
					"name": "OOREDOO TN"
				},
				{
					"code": "60501",
					"name": "Orange"
				},
				{
					"code": "60502",
					"name": "Tunicell"
				}
			]
		},
		{
			"code": "TR",
			"operators": [
				{
					"code": "28604",
					"name": "Aycell"
				},
				{
					"code": "28601",
					"name": "Turkcell"
				},
				{
					"code": "28603",
					"name": "Türk Telekom"
				},
				{
					"code": "28602",
					"name": "Vodafone"
				}
			]
		},
		{
			"code": "TT",
			"operators": [
				{
					"code": "374130",
					"name": "Digicel"
				},
				{
					"code": "374140",
					"name": "Laqtel"
				},
				{
					"code": "37412",
					"name": "bmobile"
				}
			]
		},
		{
			"code": "TW",
			"operators": [
				{
					"code": "46605",
					"name": "APTG"
				},
				{
					"code": "46692",
					"name": "Chunghwa"
				},
				{
					"code": "46611",
					"name": "Chunghwa LDM"
				},
				{
					"code": "46656",
					"name": "FITEL"
				},
				{
					"code": "46601",
					"name": "FarEasTone"
				},
				{
					"code": "46610",
					"name": "G1"
				},
				{
					"code": "46693",
					"name": "MobiTai"
				},
				{
					"code": "46689",
					"name": "T Star"
				},
				{
					"code": "46697",
					"name": "Taiwan Mobile"
				},
				{
					"code": "46699",
					"name": "TransAsia"
				},
				{
					"code": "46609",
					"name": "VMAX"
				}
			]
		},
		{
			"code": "TZ",
			"operators": [
				{
					"code": "64005",
					"name": "Airtel"
				},
				{
					"code": "64013",
					"name": "Cootel"
				},
				{
					"code": "64009",
					"name": "Halotel"
				},
				{
					"code": "64006",
					"name": "Sasatel (Dovetel)"
				},
				{
					"code": "64008",
					"name": "Smart"
				},
				{
					"code": "64011",
					"name": "SmileCom"
				},
				{
					"code": "64007",
					"name": "TTCL Mobile"
				},
				{
					"code": "64004",
					"name": "Vodacom"
				},
				{
					"code": "64003",
					"name": "Zantel"
				},
				{
					"code": "64002",
					"name": "tiGO"
				}
			]
		},
		{
			"code": "UA",
			"operators": [
				{
					"code": "25507",
					"name": "3Mob; Lycamobile"
				},
				{
					"code": "25523",
					"name": "CDMA Ukraine"
				},
				{
					"code": "25504",
					"name": "Intertelecom"
				},
				{
					"code": "25502",
					"name": "Kyivstar"
				},
				{
					"code": "25525",
					"name": "NEWTONE"
				},
				{
					"code": "25521",
					"name": "PEOPLEnet"
				},
				{
					"code": "25599",
					"name": "Phoenix"
				},
				{
					"code": "25501",
					"name": "Vodafone"
				},
				{
					"code": "25506",
					"name": "lifecell"
				}
			]
		},
		{
			"code": "UG",
			"operators": [
				{
					"code": "64114",
					"name": "Africell"
				},
				{
					"code": "64101",
					"name": "Airtel"
				},
				{
					"code": "64144",
					"name": "K2"
				},
				{
					"code": "64126",
					"name": "Lycamobile"
				},
				{
					"code": "64110",
					"name": "MTN"
				},
				{
					"code": "64118",
					"name": "Smart"
				},
				{
					"code": "64133",
					"name": "Smile"
				},
				{
					"code": "64111",
					"name": "Uganda Telecom"
				},
				{
					"code": "64106",
					"name": "Vodafone"
				},
				{
					"code": "64166",
					"name": "i-Tel"
				}
			]
		},
		{
			"code": "US",
			"operators": [
				{
					"code": "310710",
					"name": "ASTAC"
				},
				{
					"code": "311780",
					"name": "ASTCA"
				},
				{
					"code": "310410",
					"name": "AT&T"
				},
				{
					"code": "310850",
					"name": "Aeris"
				},
				{
					"code": "310034",
					"name": "Airpeak"
				},
				{
					"code": "310500",
					"name": "Alltel"
				},
				{
					"code": "310750",
					"name": "Appalachian Wireless"
				},
				{
					"code": "312810",
					"name": "BBCP"
				},
				{
					"code": "310790",
					"name": "BLAZE"
				},
				{
					"code": "43604",
					"name": "Babilon-M"
				},
				{
					"code": "43610",
					"name": "Babilon-T"
				},
				{
					"code": "43605",
					"name": "Beeline"
				},
				{
					"code": "311570",
					"name": "BendBroadband"
				},
				{
					"code": "311970",
					"name": "Big River Broadband"
				},
				{
					"code": "310300",
					"name": "Big Sky Mobile"
				},
				{
					"code": "310700",
					"name": "Bigfoot Cellular"
				},
				{
					"code": "312570",
					"name": "Blue Wireless"
				},
				{
					"code": "311870",
					"name": "Boost Mobile"
				},
				{
					"code": "311140",
					"name": "Bravado Wireless"
				},
				{
					"code": "313050",
					"name": "Breakaway Wireless"
				},
				{
					"code": "311330",
					"name": "Bug Tussel Wireless"
				},
				{
					"code": "311230",
					"name": "C Spire Wireless"
				},
				{
					"code": "315010",
					"name": "CBRS"
				},
				{
					"code": "313020",
					"name": "CTC Wireless"
				},
				{
					"code": "310130",
					"name": "Carolina West Wireless"
				},
				{
					"code": "310510",
					"name": "Cellcom"
				},
				{
					"code": "310320",
					"name": "Cellular One"
				},
				{
					"code": "310390",
					"name": "Cellular One of East Texas"
				},
				{
					"code": "311010",
					"name": "Chariton Valley"
				},
				{
					"code": "311410",
					"name": "Chat Mobility"
				},
				{
					"code": "311040",
					"name": "Choice Wireless"
				},
				{
					"code": "310420",
					"name": "Cincinnati Bell"
				},
				{
					"code": "311750",
					"name": "ClearTalk"
				},
				{
					"code": "23418",
					"name": "Cloud 9 Mobile"
				},
				{
					"code": "310460",
					"name": "Conecto"
				},
				{
					"code": "310880",
					"name": "DTC Wireless"
				},
				{
					"code": "33805",
					"name": "Digicel"
				},
				{
					"code": "310780",
					"name": "Dispatch Direct"
				},
				{
					"code": "310370",
					"name": "Docomo"
				},
				{
					"code": "311950",
					"name": "ETC"
				},
				{
					"code": "310035",
					"name": "ETEX Wireless"
				},
				{
					"code": "310610",
					"name": "Epic PCS"
				},
				{
					"code": "310990",
					"name": "Evolve Broadband"
				},
				{
					"code": "354860",
					"name": "FLOW"
				},
				{
					"code": "312390",
					"name": "FTC Wireless"
				},
				{
					"code": "312670",
					"name": "FirstNet"
				},
				{
					"code": "310860",
					"name": "Five Star Wireless"
				},
				{
					"code": "310050",
					"name": "GCI"
				},
				{
					"code": "311370",
					"name": "GCI Wireless"
				},
				{
					"code": "310140",
					"name": "GTA Wireless"
				},
				{
					"code": "65903",
					"name": "Gemtel"
				},
				{
					"code": "22102",
					"name": "IPKO"
				},
				{
					"code": "310032",
					"name": "IT&E Wireless"
				},
				{
					"code": "311030",
					"name": "Indigo Wireless"
				},
				{
					"code": "310650",
					"name": "Jasper"
				},
				{
					"code": "310340",
					"name": "Limitless Mobile"
				},
				{
					"code": "312740",
					"name": "Locus Telecommunications"
				},
				{
					"code": "311960",
					"name": "Lycamobile"
				},
				{
					"code": "310040",
					"name": "MTA"
				},
				{
					"code": "65902",
					"name": "MTN"
				},
				{
					"code": "43603",
					"name": "MegaFon"
				},
				{
					"code": "311660",
					"name": "Metro"
				},
				{
					"code": "310900",
					"name": "Mid-Rivers Wireless"
				},
				{
					"code": "311910",
					"name": "MobileNation"
				},
				{
					"code": "312590",
					"name": "NMU"
				},
				{
					"code": "311310",
					"name": "NMobile"
				},
				{
					"code": "313040",
					"name": "NNTC Wireless"
				},
				{
					"code": "311350",
					"name": "Nemont"
				},
				{
					"code": "311530",
					"name": "NewCore"
				},
				{
					"code": "316010",
					"name": "Nextel"
				},
				{
					"code": "50510",
					"name": "Norfolk Telecom"
				},
				{
					"code": "311420",
					"name": "NorthwestCell"
				},
				{
					"code": "311560",
					"name": "OTZ Cellular"
				},
				{
					"code": "21201",
					"name": "Office des Telephones"
				},
				{
					"code": "310870",
					"name": "PACE"
				},
				{
					"code": "311450",
					"name": "PTCI"
				},
				{
					"code": "313240",
					"name": "Peak Internet"
				},
				{
					"code": "310980",
					"name": "Peoples Telephone"
				},
				{
					"code": "310540",
					"name": "Phoenix"
				},
				{
					"code": "311670",
					"name": "Pine Belt Wireless"
				},
				{
					"code": "311080",
					"name": "Pine Cellular"
				},
				{
					"code": "310360",
					"name": "Pioneer Cellular"
				},
				{
					"code": "310100",
					"name": "Plateau Wireless"
				},
				{
					"code": "312990",
					"name": "Premier Broadband"
				},
				{
					"code": "23458",
					"name": "Pronto GSM"
				},
				{
					"code": "310017",
					"name": "ProxTel"
				},
				{
					"code": "312140",
					"name": "Revol Wireless"
				},
				{
					"code": "311640",
					"name": "Rock Wireless"
				},
				{
					"code": "311610",
					"name": "SRT Communications"
				},
				{
					"code": "310960",
					"name": "STRATA"
				},
				{
					"code": "310470",
					"name": "Shentel"
				},
				{
					"code": "313030",
					"name": "Snake River PCS"
				},
				{
					"code": "310015",
					"name": "Southern LINC"
				},
				{
					"code": "310120",
					"name": "Sprint"
				},
				{
					"code": "65907",
					"name": "Sudani"
				},
				{
					"code": "65801",
					"name": "Sure"
				},
				{
					"code": "23436",
					"name": "Sure Mobile"
				},
				{
					"code": "312080",
					"name": "SyncSouth"
				},
				{
					"code": "310160",
					"name": "T-Mobile"
				},
				{
					"code": "310520",
					"name": "TNS"
				},
				{
					"code": "51402",
					"name": "TT"
				},
				{
					"code": "55301",
					"name": "TTC"
				},
				{
					"code": "43601",
					"name": "Tcell"
				},
				{
					"code": "51403",
					"name": "Telemor"
				},
				{
					"code": "51401",
					"name": "Telkomcel"
				},
				{
					"code": "310066",
					"name": "U.S. Cellular"
				},
				{
					"code": "310020",
					"name": "Union Wireless"
				},
				{
					"code": "311650",
					"name": "United Wireless"
				},
				{
					"code": "22101",
					"name": "Vala"
				},
				{
					"code": "310004",
					"name": "Verizon"
				},
				{
					"code": "31045",
					"name": "Viaero"
				},
				{
					"code": "310053",
					"name": "Virgin Mobile"
				},
				{
					"code": "65904",
					"name": "Vivacell"
				},
				{
					"code": "311470",
					"name": "Viya"
				},
				{
					"code": "310180",
					"name": "West Central"
				},
				{
					"code": "311000",
					"name": "West Central Wireless"
				},
				{
					"code": "22106",
					"name": "Z Mobile"
				},
				{
					"code": "65906",
					"name": "Zain"
				},
				{
					"code": "310400",
					"name": "iConnect"
				},
				{
					"code": "310530",
					"name": "iWireless"
				},
				{
					"code": "310630",
					"name": "miSpot"
				},
				{
					"code": "312610",
					"name": "nTelos"
				},
				{
					"code": "310290",
					"name": "nep"
				},
				{
					"code": "310840",
					"name": "telna Mobile"
				}
			]
		},
		{
			"code": "UY",
			"operators": [
				{
					"code": "74800",
					"name": "Antel"
				},
				{
					"code": "74810",
					"name": "Claro"
				},
				{
					"code": "74807",
					"name": "Movistar"
				}
			]
		},
		{
			"code": "UZ",
			"operators": [
				{
					"code": "43404",
					"name": "Beeline"
				},
				{
					"code": "43409",
					"name": "EVO"
				},
				{
					"code": "43406",
					"name": "Perfectum Mobile"
				},
				{
					"code": "43407",
					"name": "UMS"
				},
				{
					"code": "43405",
					"name": "Ucell"
				},
				{
					"code": "43403",
					"name": "UzMobile"
				}
			]
		},
		{
			"code": "VC",
			"operators": [
				{
					"code": "360100",
					"name": "Cingular Wireless"
				},
				{
					"code": "360050",
					"name": "Digicel"
				},
				{
					"code": "360110",
					"name": "FLOW"
				}
			]
		},
		{
			"code": "VE",
			"operators": [
				{
					"code": "73401",
					"name": "Digitel"
				},
				{
					"code": "73402",
					"name": "Digitel GSM"
				},
				{
					"code": "73403",
					"name": "DirecTV"
				},
				{
					"code": "73406",
					"name": "Movilnet"
				},
				{
					"code": "73404",
					"name": "movistar"
				}
			]
		},
		{
			"code": "VG",
			"operators": [
				{
					"code": "348570",
					"name": "CCT Boatphone"
				},
				{
					"code": "348770",
					"name": "Digicel"
				},
				{
					"code": "348170",
					"name": "FLOW"
				}
			]
		},
		{
			"code": "VN",
			"operators": [
				{
					"code": "45206",
					"name": "EVNTelecom"
				},
				{
					"code": "45207",
					"name": "Gmobile"
				},
				{
					"code": "45208",
					"name": "I-Telecom"
				},
				{
					"code": "45201",
					"name": "MobiFone"
				},
				{
					"code": "45203",
					"name": "S-Fone"
				},
				{
					"code": "45205",
					"name": "Vietnamobile"
				},
				{
					"code": "45204",
					"name": "Viettel Mobile"
				},
				{
					"code": "45202",
					"name": "Vinaphone"
				}
			]
		},
		{
			"code": "VU",
			"operators": [
				{
					"code": "54100",
					"name": "AIL"
				},
				{
					"code": "54105",
					"name": "Digicel"
				},
				{
					"code": "54101",
					"name": "SMILE"
				},
				{
					"code": "54107",
					"name": "WanTok"
				}
			]
		},
		{
			"code": "WS",
			"operators": [
				{
					"code": "54927",
					"name": "Bluesky"
				},
				{
					"code": "54900",
					"name": "Digicel"
				}
			]
		},
		{
			"code": "YE",
			"operators": [
				{
					"code": "42104",
					"name": "HiTS-UNITEL"
				},
				{
					"code": "42102",
					"name": "MTN"
				},
				{
					"code": "42101",
					"name": "SabaFon"
				},
				{
					"code": "42103",
					"name": "Yemen Mobile"
				}
			]
		},
		{
			"code": "ZA",
			"operators": [
				{
					"code": "65575",
					"name": "ACSA"
				},
				{
					"code": "65507",
					"name": "Cell C"
				},
				{
					"code": "65553",
					"name": "Lycamobile"
				},
				{
					"code": "65510",
					"name": "MTN"
				},
				{
					"code": "65513",
					"name": "Neotel"
				},
				{
					"code": "65519",
					"name": "Rain"
				},
				{
					"code": "65502",
					"name": "Telkom"
				},
				{
					"code": "65501",
					"name": "Vodacom"
				},
				{
					"code": "65538",
					"name": "iBurst"
				}
			]
		},
		{
			"code": "ZM",
			"operators": [
				{
					"code": "64501",
					"name": "Airtel"
				},
				{
					"code": "64502",
					"name": "MTN"
				},
				{
					"code": "64503",
					"name": "ZAMTEL"
				}
			]
		},
		{
			"code": "ZW",
			"operators": [
				{
					"code": "64804",
					"name": "Econet"
				},
				{
					"code": "64801",
					"name": "Net*One"
				},
				{
					"code": "64803",
					"name": "Telecel"
				}
			]
		}
	]